회사명,"채용 형태(경력, 신입)",학력,직장 위치,키워드
(주)우아한형제들,신입·경력,학력무관,송파구,개발·데이터
㈜시몬스,신입·경력1년↑,학력무관,강북구,회계·세무
㈜컴투스,신입·경력,학력무관,금천구,개발·데이터
현대자동차㈜,경력,대졸↑,서초구,엔지니어링·설계
㈜엔엑스씨,신입·경력,대졸↑,강남구,마케팅·광고·MD
㈜하나투어,신입·경력,학력무관,종로구,고객서비스·리테일
코오롱그룹,경력,학력무관,강북구,마케팅·광고·MD
우아한청년들,신입·경력,학력무관,송파구,물류·무역
동광제약,신입·경력,학력무관,중구,의료·바이오
㈜위즈코리아,신입·경력3년↑,초대졸↑,강서구,인사·HR
㈜세스코,신입,대졸↑,강남구,의료·바이오
㈜ABB코리아,신입·경력,대졸↑,강북구,회계·세무
㈜팬코,신입·경력,대졸↑,성동구,물류·무역
알리코제약㈜,신입·경력,학력무관,서초구,물류·무역
동아에스티,신입·경력,대졸↑,동대문구,회계·세무
㈜인팩,신입·경력3년↑,고졸↑,송파구,엔지니어링·설계
㈜한익스프레스,신입·경력1년↑,학력무관,서초구,물류·무역
㈜해커스어학원,신입·경력,초대졸↑,서초구,마케팅·광고·MD
디와이피엔에프㈜,신입·경력2년↑,초대졸↑,강서구,인사·HR
㈜멸치,신입·경력,학력무관,송파구,마케팅·광고·MD
쿠팡 주식회사,경력무관,학력무관,구로구,운전·운송·배송
에이치디씨아이파크몰 주식회사,신입·경력1년↑,대졸↑,용산구,디자인
롯데멤버스㈜,신입·경력3년↑,학력무관,중구,개발·데이터
디만트코리아㈜,신입·경력,초대졸↑,중구,의료·바이오
구찌코리아(유),신입·경력,학력무관,강북구,영업
㈜신원,신입,대졸↑,마포구,디자인
㈜아이아이컴바인드,신입·경력,학력무관,마포구,디자인
희성피엠텍(주),신입·경력1년↑,대졸↑,종로구,고객상담·TM
LS전선㈜,신입·경력,학력무관,용산구,법무·사무·총무
㈜원봉,신입·경력,고졸↑,강서구,고객서비스·리테일
엘에스엠앤엠㈜,신입·경력,대졸↑,강남구,엔지니어링·설계
메인트란스㈜,신입·경력,초대졸↑,강서구,엔지니어링·설계
㈜아이센스,신입·경력,초대졸↑,서초구,엔지니어링·설계
교원그룹,신입·경력,학력무관,중구,마케팅·광고·MD
신라에이치엠㈜,신입·경력,초대졸↑,중구,고객서비스·리테일
㈜더스킨팩토리,신입·경력,초대졸↑,강남구,고객서비스·리테일
쿠쿠홀딩스,신입·경력,고졸↑,강남구,마케팅·광고·MD
㈜머스트잇,경력,학력무관,강북구,마케팅·광고·MD
(주)제이엠더블유,신입·경력,초대졸↑,금천구,마케팅·광고·MD
㈜쎄트렉아이,신입·경력,고졸↑,강남구,개발·데이터
㈜영원아웃도어,신입·경력1년↑,대졸↑,중구,개발·데이터
현대엔지비㈜,신입·경력,대졸↑,관악구,엔지니어링·설계
㈜비바리퍼블리카,신입·경력,학력무관,강북구,고객서비스·리테일
롯데지알에스,신입,고졸↑,금천구,고객서비스·리테일
더블유씨피㈜,신입·경력1년↑,학력무관,마포구,법무·사무·총무
㈜아이두젠,신입·경력,학력무관,구로구,마케팅·광고·MD
㈜전우APS승용,신입·경력,고졸↑,영등포구,물류·무역
롯데손해보험㈜,신입,학력무관,강남구,금융·보험
한솔섬유㈜,신입·경력1년↑,대졸↑,송파구,디자인
㈜엑스노티,경력무관,학력무관,강북구,개발·데이터
비엠스마일,신입·경력,학력무관,강북구,개발·데이터
㈜하이미디어아카데미,경력무관,학력무관,강남구,개발·데이터
㈜알레르망,신입·경력,대졸↑,강남구,마케팅·광고·MD
주식회사 케이에프씨코리아,신입·경력,학력무관,송파구,식·음료
㈜카스,신입·경력,초대졸↑,강동구,법무·사무·총무
㈜와이어블,신입·경력,초대졸↑,송파구,엔지니어링·설계
㈜하이브,경력무관,대졸↑,용산구,법무·사무·총무
㈜와이지-원,경력무관,고졸↑,강남구,고객상담·TM
㈜세스코,신입,고졸↑,강남구,고객상담·TM
㈜슈피겐코리아,신입·경력3년↑,학력무관,강북구,교육
젤리피쉬엔터테인먼트㈜,신입·경력2년↑,학력무관,강북구,마케팅·광고·MD
도미노피자(청오디피케이),경력무관,고졸↑,강남구,식·음료
㈜우신화장품,신입·경력,학력무관,강남구,디자인
㈜에스피지,신입·경력,초대졸↑,강남구,개발·데이터
리디㈜,신입·경력1년↑,학력무관,강북구,미디어·문화·스포츠
㈜스타쉽엔터테인먼트,신입·경력,학력무관,강북구,미디어·문화·스포츠
㈜파라다이스세가사미,신입·경력,학력무관,강남구,미디어·문화·스포츠
현대엘리베이터서비스㈜,신입·경력,고졸↑,강남구,법무·사무·총무
㈜ 옥산석물,신입·경력,학력무관,강남구,법무·사무·총무
㈜리스페이스컴퍼니,신입·경력,학력무관,서대문구,디자인
현대엔지니어링㈜,경력3년↑,대졸↑,종로구,엔지니어링·설계
㈜SG세계물산,경력2년↑,초대졸↑,금천구,마케팅·광고·MD
코스모,경력무관,학력무관,구로구,고객서비스·리테일
대한상공회의소 경기인력개발원,경력무관,고졸↑,강남구,교육
갓텐코리아,신입·경력2년↑,초대졸↑,강북구,회계·세무
로지스올그룹,신입·경력,학력무관,마포구,물류·무역
㈜영신디엔씨,신입·경력3년↑,초대졸↑,강남구,엔지니어링·설계
GS건설㈜,경력3년↑,대졸↑,종로구,엔지니어링·설계
㈜점포라인,경력무관,고졸↑,서초구,고객상담·TM
DS단석,신입·경력,대졸↑,서초구,회계·세무
젤리피쉬엔터테인먼트㈜,신입·경력2년↑,학력무관,강북구,기획·전략
도미노피자(청오디피케이),경력무관,고졸↑,강남구,운전·운송·배송
㈜우신화장품,신입·경력,학력무관,강남구,디자인
㈜에스피지,신입·경력,초대졸↑,강남구,개발·데이터
리디㈜,신입·경력1년↑,학력무관,강북구,미디어·문화·스포츠
㈜스타쉽엔터테인먼트,신입·경력,학력무관,강북구,미디어·문화·스포츠
㈜파라다이스세가사미,신입·경력,학력무관,강남구,고객서비스·리테일
현대엘리베이터서비스㈜,신입·경력,고졸↑,강남구,법무·사무·총무
㈜ 옥산석물,신입·경력,학력무관,강남구,법무·사무·총무
㈜리스페이스컴퍼니,신입·경력,학력무관,서대문구,디자인
현대엔지니어링㈜,경력3년↑,대졸↑,종로구,엔지니어링·설계
㈜SG세계물산,경력2년↑,초대졸↑,금천구,기획·전략
코스모,경력무관,학력무관,구로구,운전·운송·배송
대한상공회의소 경기인력개발원,경력무관,고졸↑,강남구,교육
갓텐코리아,신입·경력2년↑,초대졸↑,강북구,회계·세무
로지스올그룹,신입·경력,학력무관,마포구,물류·무역
㈜영신디엔씨,신입·경력3년↑,초대졸↑,강남구,엔지니어링·설계
GS건설㈜,경력3년↑,대졸↑,종로구,엔지니어링·설계
㈜점포라인,경력무관,고졸↑,서초구,엔지니어링·설계
DS단석,신입·경력,대졸↑,서초구,회계·세무
㈜에스엠씨인터내셔널,신입·경력1년↑,학력무관,강북구,마케팅·광고·MD
더이앤엠,신입·경력,학력무관,서초구,개발·데이터
㈜현대계전,신입·경력,학력무관,종로구,법무·사무·총무
㈜클래스유,신입,고졸↑,중구,마케팅·광고·MD
안국약품㈜,신입·경력,학력무관,영등포구,법무·사무·총무
㈜제주항공,신입·경력3년↑,학력무관,강서구,마케팅·광고·MD
㈜한화,경력무관,고졸↑,중구,회계·세무
진인프라,신입·경력,고졸↑,송파구,법무·사무·총무
신세계,신입,대졸↑,강남구,식·음료
㈜토니모리,신입·경력3년↑,고졸↑,서초구,의료·바이오
동아참메드㈜,신입·경력,대졸↑,강남구,물류·무역
태웅로직스,신입·경력,학력무관,강북구,물류·무역
일양㈜,신입·경력,학력무관,강남구,고객상담·TM
아파트멘터리㈜,신입·경력,학력무관,강북구,기획·전략
포시즌스호텔서울,신입·경력,학력무관,종로구,식·음료
㈜경방,신입·경력4년↑,학력무관,영등포구,고객서비스·리테일
제이에이에스,경력무관,학력무관,강서구,물류·무역
㈜엔소프트웨어,신입,학력무관,서초구,개발·데이터
포시즌스호텔서울,신입·경력,학력무관,종로구,고객서비스·리테일
토스씨엑스㈜,신입·경력,학력무관,강북구,고객상담·TM
㈜네오바이오텍,경력무관,초대졸↑,구로구,개발·데이터
㈜숲,경력,고졸↑,성동구,고객서비스·리테일
㈜비즈테크아이,경력3년↑,초대졸↑,마포구,개발·데이터
롯데쇼핑,경력무관,고졸↑,강남구,고객서비스·리테일
토스씨엑스㈜,신입·경력,학력무관,강북구,개발·데이터
㈜제이피코리아,경력무관,학력무관,관악구,제조·생산
㈜호텔롯데 롯데리조트,신입·경력,학력무관,중구,고객서비스·리테일
㈜LF네트웍스,신입·경력1년↑,대졸↑,강북구,마케팅·광고·MD
㈜곰앤컴퍼니,경력5년↑,학력무관,송파구,개발·데이터
㈜곰앤컴퍼니,경력3년↑,학력무관,송파구,개발·데이터
NICE정보통신㈜,신입·경력,대졸↑,영등포구,개발·데이터
H&M,경력,학력무관,강북구,고객서비스·리테일
㈜우진자동화,신입·경력,고졸↑,구로구,엔지니어링·설계
㈜현대홈쇼핑,경력3년↑,대졸↑,강동구,기획·전략
와이어바알리,경력8년↑,학력무관,강북구,회계·세무
㈜포이시스,신입·경력,대졸↑,금천구,개발·데이터
코카콜라음료㈜,신입,학력무관,종로구,제조·생산
㈜중앙,경력무관,대졸↑,강남구,마케팅·광고·MD
㈜엘엑스세미콘,경력,학력무관,강남구,엔지니어링·설계
대한법률학원,신입·경력,학력무관,강북구,법무·사무·총무
㈜리버앤씨,경력무관,학력무관,관악구,법무·사무·총무
㈜91컴퍼니,신입·경력,학력무관,강서구,엔지니어링·설계
㈜스토리작,경력무관,학력무관,금천구,"교정, 웹툰, 교정, 웹툰PD, 전자출판"
한화라이프랩㈜,경력무관,대졸↑,중구,미디어·문화·스포츠
㈜오픈베이스,신입·경력,초대졸↑,서초구,개발·데이터
부광약품㈜,신입·경력,대졸↑,동작구,의료·바이오
주식회사 지음P&V,신입·경력,학력무관,광진구,금융·보험
㈜유송타일앤바스,신입·경력,고졸↑,강북구,회계·세무
피피에이치알,경력무관,학력무관,구로구,마케팅·광고·MD
㈜청춘이만든다,신입·경력,고졸↑,금천구,마케팅·광고·MD
㈜비즈테크아이,신입·경력,대졸↑,마포구,개발·데이터
대한상공회의소인천인력개발원,경력무관,학력무관,강남구,교육
바이오플러스㈜,경력무관,학력무관,송파구,금융·보험
㈜신한DS,경력무관,대졸↑,마포구,개발·데이터
㈜동심,경력무관,초대졸↑,서초구,교육
대상정보기술㈜,신입·경력,학력무관,광진구,고객서비스·리테일
에스케이쉴더스㈜,신입·경력,대졸↑,강남구,개발·데이터
㈜고우에프앤비,신입·경력,학력무관,영등포구,식·음료
던롭스포츠코리아㈜,신입·경력,초대졸↑,서초구,마케팅·광고·MD
현대해상화재보험㈜,경력,학력무관,중구,의료·바이오
㈜리버앤씨,경력무관,학력무관,관악구,고객서비스·리테일
㈜91컴퍼니,신입·경력,학력무관,강서구,건축·시설
㈜스토리작,경력무관,학력무관,금천구,미디어·문화·스포츠
한화라이프랩㈜,경력무관,대졸↑,중구,의료·바이오
㈜오픈베이스,신입·경력,초대졸↑,서초구,개발·데이터
부광약품㈜,신입·경력,대졸↑,동작구,의료·바이오
주식회사 지음P&V,신입·경력,학력무관,광진구,금융·보험
㈜유송타일앤바스,신입·경력,고졸↑,강북구,회계·세무
피피에이치알,경력무관,학력무관,구로구,제조·생산
㈜청춘이만든다,신입·경력,고졸↑,금천구,디자인
㈜비즈테크아이,신입·경력,대졸↑,마포구,개발·데이터
대한상공회의소인천인력개발원,경력무관,학력무관,강남구,엔지니어링·설계
바이오플러스㈜,경력무관,학력무관,송파구,의료·바이오
㈜신한DS,경력무관,대졸↑,마포구,개발·데이터
㈜동심,경력무관,초대졸↑,서초구,교육
대상정보기술㈜,신입·경력,학력무관,광진구,고객서비스·리테일
에스케이쉴더스㈜,신입·경력,대졸↑,강남구,개발·데이터
㈜고우에프앤비,신입·경력,학력무관,영등포구,식·음료
던롭스포츠코리아㈜,신입·경력,초대졸↑,서초구,마케팅·광고·MD
현대해상화재보험㈜,경력,학력무관,중구,의료·바이오
㈜지아이티,신입·경력3년↑,대졸↑,송파구,엔지니어링·설계
아시아나IDT㈜,경력,학력무관,종로구,개발·데이터
지덕산업㈜,경력2년↑,초대졸↑,강남구,제조·생산
㈜ 커피빈코리아,신입,대졸↑,강북구,회계·세무
㈜ 시아스,신입·경력,학력무관,송파구,건축·시설
㈜비바리퍼블리카,신입·경력,학력무관,강북구,개발·데이터
㈜ 플랫폼,신입·경력,초대졸↑,강북구,제조·생산
㈜대호,경력3년↑,고졸↑,서초구,회계·세무
㈜지엔엠라이프,경력1년↑,대졸↑,영등포구,마케팅·광고·MD
㈜정상JLS,신입·경력,초대졸↑,강북구,교육
머크㈜,신입·경력,대졸↑,강북구,의료·바이오
더오름,신입·경력,학력무관,강서구,고객서비스·리테일
㈜더에스엠씨그룹,신입·경력,학력무관,강북구,기획·전략
㈜케이알마케팅,신입·경력,학력무관,금천구,기획·전략
사카타코리아㈜,신입,대졸↑,강남구,기획·전략
아이엘투어㈜,신입·경력,학력무관,강북구,미디어·문화·스포츠
㈜핫시즈너,신입·경력,고졸↑,강남구,물류·무역
㈜91컴퍼니,경력,고졸↑,강서구,디자인
웅진씽크빅,경력무관,대졸↑,강북구,고객서비스·리테일
㈜멀티캠퍼스,경력3년↑,대졸↑,강북구,교육
㈜웨이크원 (wakeone),신입·경력1년↑,초대졸↑,마포구,미디어·문화·스포츠
㈜케이씨씨,신입·경력,학력무관,서초구,물류·무역
에이스휴먼파워㈜,경력무관,고졸↑,송파구,기획·전략
㈜영원아웃도어,신입·경력1년↑,대졸↑,중구,기획·전략
㈜퍼플랩스헬스케어,경력,학력무관,강북구,회계·세무
㈜딜리,신입·경력,학력무관,송파구,엔지니어링·설계
㈜오클라우드서비스,신입·경력,고졸↑,서초구,법무·사무·총무
비씨엠,신입·경력,학력무관,은평구,고객서비스·리테일
㈜이삭,경력8년↑,대졸↑,송파구,디자인
㈜데이터클립,경력무관,학력무관,서초구,개발·데이터
아이헤이트플라잉버그스㈜,신입·경력,대졸↑,영등포구,고객서비스·리테일
페라가모코리아㈜,신입·경력1년↑,고졸↑,중구,고객서비스·리테일
㈜한국자격검정평가진흥원,신입·경력,초대졸↑,강북구,회계·세무
한국마약퇴치운동본부,경력무관,대졸↑,강남구,법무·사무·총무
나무 인터내셔널,신입·경력,학력무관,강북구,고객서비스·리테일
비유피,신입·경력,학력무관,강서구,회계·세무
㈜차이커뮤니케이션,신입·경력,초대졸↑,강북구,마케팅·광고·MD
㈜SPC GFS,경력1년↑,학력무관,강남구,고객서비스·리테일
아이디헬스케어그룹,신입·경력,초대졸↑,강북구,마케팅·광고·MD
㈜조선호텔앤리조트 포포인츠 조선 서울역,경력5년↑,학력무관,용산구,고객서비스·리테일
디에프피,신입·경력,초대졸↑,강북구,디자인
자이씨앤에이㈜,경력무관,초대졸↑,강남구,건축·시설
㈜동일그린시스,경력무관,초대졸↑,구로구,회계·세무
두로로지텍㈜,신입·경력,학력무관,강남구,법무·사무·총무
㈜티비에이치글로벌,경력,대졸↑,송파구,법무·사무·총무
본푸드서비스㈜,경력1년↑,대졸↑,영등포구,건축·시설
㈜다온위드,경력무관,학력무관,강남구,제조·생산
㈜키오스킨,신입·경력,학력무관,송파구,기획·전략
㈜다온위드,경력무관,학력무관,강남구,엔지니어링·설계
한국직업전문학교,신입·경력,고졸↑,구로구,개발·데이터
㈜인투알,신입·경력,학력무관,구로구,기획·전략
㈜다온블라인드,경력무관,학력무관,강남구,엔지니어링·설계
㈜신세계인터내셔날,경력무관,초대졸↑,강북구,물류·무역
엠앤씨웍스㈜,경력,초대졸↑,강남구,마케팅·광고·MD
유진건설,경력무관,학력무관,강서구,건축·시설
슈어엠주식회사,신입·경력,학력무관,광진구,개발·데이터
㈜미리디,경력1년↑,학력무관,구로구,디자인
KH에너지 주식회사,신입·경력,대졸↑,강서구,고객서비스·리테일
㈜씨유기획,신입·경력,학력무관,금천구,기획·전략
㈜잘론네츄럴,신입·경력,초대졸↑,마포구,마케팅·광고·MD
주식회사 청임,신입·경력,학력무관,강남구,운전·운송·배송
상승기획,경력무관,학력무관,금천구,마케팅·광고·MD
㈜페이컴스,신입·경력,학력무관,송파구,개발·데이터
㈜인디고,신입·경력1년↑,초대졸↑,종로구,마케팅·광고·MD
현대건설,경력무관,대졸↑,종로구,건축·시설
아이케이디자인,신입·경력,학력무관,구로구,건축·시설
뉴트올로지,신입·경력,학력무관,강서구,고객서비스·리테일
㈜바프,경력무관,대졸↑,강북구,식·음료
㈜AIT,신입·경력,고졸↑,강서구,엔지니어링·설계
㈜다온블라인드,경력무관,고졸↑,강동구,엔지니어링·설계
아워박스,신입·경력,학력무관,구로구,회계·세무
㈜핀다,신입·경력3년↑,학력무관,마포구,기획·전략
㈜이앤임,신입·경력,학력무관,강남구,고객서비스·리테일
제이윤코스메틱,신입·경력1년↑,학력무관,강북구,디자인
GS리테일,경력5년↑,대졸↑,영등포구,개발·데이터
㈜에프터클린,경력무관,학력무관,영등포구,고객서비스·리테일
㈜브이에스컴퍼니,신입·경력,초대졸↑,강남구,고객서비스·리테일
호텔신라,경력무관,학력무관,중구,고객서비스·리테일
㈜조이케이엔비,신입·경력1년↑,학력무관,성동구,법무·사무·총무
㈜이데아코즈,신입·경력,대졸↑,강북구,고객서비스·리테일
㈜케이씨이앤씨,신입·경력2년↑,학력무관,성동구,식·음료
㈜다온블라인드,경력무관,학력무관,강남구,엔지니어링·설계
지덕산업㈜,신입·경력,학력무관,강남구,엔지니어링·설계
피피에이치알,경력무관,학력무관,강남구,엔지니어링·설계
㈜엠게임,신입·경력,학력무관,금천구,개발·데이터
한국문화예술교육진흥원,신입,학력무관,마포구,기획·전략
㈜두잇 (Doeat),경력무관,학력무관,관악구,고객서비스·리테일
롯데상사㈜,경력무관,초대졸↑,강북구,회계·세무
㈜두잇 (Doeat),경력무관,학력무관,관악구,고객서비스·리테일
㈜제이인터네셔널,신입·경력,학력무관,강남구,마케팅·광고·MD
런던베이글뮤지엄 잠실,신입·경력,고졸↑,송파구,식·음료
대원미디어,신입·경력,대졸↑,용산구,회계·세무
에이투플러스,신입·경력,학력무관,서초구,회계·세무
인스컴퍼니,경력무관,학력무관,강북구,고객서비스·리테일
㈜트립일레븐,신입·경력,학력무관,금천구,개발·데이터
㈜설빙,경력2년↑,대졸↑,송파구,고객서비스·리테일
제이에이치㈜,경력무관,고졸↑,송파구,개발·데이터
㈜엘핀,신입·경력2년↑,학력무관,강서구,개발·데이터
대한해운㈜,신입·경력,대졸↑,강서구,고객서비스·리테일
㈜신지모루,신입,초대졸↑,마포구,마케팅·광고·MD
(주)미래아이엔씨,신입·경력,초대졸↑,금천구,미디어·문화·스포츠
CJ제일제당㈜,경력,대졸↑,중구,개발·데이터
롯데정보통신,신입,대졸↑,금천구,개발·데이터
㈜이엠넷,신입·경력4년↑,대졸↑,구로구,개발·데이터
잡코리아(유),경력무관,대졸↑,서초구,엔지니어링·설계
㈜윌앤비전,경력무관,고졸↑,중구,"전기, 시설관리"
㈜DYB최선어학원,신입·경력,대졸↑,강북구,고객서비스·리테일
로마옥,신입·경력,학력무관,강북구,식·음료
에스이케이,신입·경력,대졸↑,서초구,물류·무역
㈜에스엠코어,경력무관,대졸↑,마포구,엔지니어링·설계
에이원 컴퍼니,경력무관,학력무관,강남구,고객서비스·리테일
㈜그로비교육,경력무관,초대졸↑,서초구,고객서비스·리테일
롯데관광개발㈜,신입·경력1년↑,초대졸↑,종로구,고객서비스·리테일
㈜다온위드,경력무관,학력무관,강남구,엔지니어링·설계
㈜성원아이북랜드,신입·경력1년↑,대졸↑,서초구,고객서비스·리테일
㈜LX하우시스,경력무관,학력무관,강남구,건축·시설
HK inno.N㈜,경력2년↑,대졸↑,강남구,마케팅·광고·MD
㈜위에화엔터테인먼트코리아,경력무관,학력무관,강북구,미디어·문화·스포츠
㈜앤하우스,경력무관,학력무관,강북구,식·음료
㈜식스티세컨즈,신입·경력,학력무관,강북구,고객상담·TM
㈜편집인,경력무관,학력무관,강북구,회계·세무
